BEGIN;

SET client_encoding = 'UTF8';
CREATE EXTENSION IF NOT EXISTS pg_trgm;

-- 统一维护 update_time 字段
CREATE OR REPLACE FUNCTION set_update_time()
RETURNS trigger AS $$
BEGIN
    NEW.update_time = CURRENT_TIMESTAMP;
    RETURN NEW;
END;
$$ LANGUAGE plpgsql;

-- 先按依赖顺序删除旧表
DROP TABLE IF EXISTS qrtz_triggers CASCADE;
DROP TABLE IF EXISTS qrtz_job_details CASCADE;
DROP TABLE IF EXISTS sys_ai_quota_log CASCADE;
DROP TABLE IF EXISTS sys_ai_quota CASCADE;
DROP TABLE IF EXISTS sys_ai_message CASCADE;
DROP TABLE IF EXISTS sys_ai_conversation CASCADE;
DROP TABLE IF EXISTS sys_notifications CASCADE;
DROP TABLE IF EXISTS sys_site_visitor CASCADE;
DROP TABLE IF EXISTS sys_site_stats CASCADE;
DROP TABLE IF EXISTS sys_config CASCADE;
DROP TABLE IF EXISTS sys_file_oss CASCADE;
DROP TABLE IF EXISTS file_part_detail CASCADE;
DROP TABLE IF EXISTS file_detail CASCADE;
DROP TABLE IF EXISTS sys_notice CASCADE;
DROP TABLE IF EXISTS sys_photo CASCADE;
DROP TABLE IF EXISTS sys_album CASCADE;
DROP TABLE IF EXISTS sys_moment CASCADE;
DROP TABLE IF EXISTS sys_feedback CASCADE;
DROP TABLE IF EXISTS sys_web_config CASCADE;
DROP TABLE IF EXISTS sys_user_role CASCADE;
DROP TABLE IF EXISTS sys_user CASCADE;
DROP TABLE IF EXISTS sys_tag CASCADE;
DROP TABLE IF EXISTS sys_role_menu CASCADE;
DROP TABLE IF EXISTS sys_role CASCADE;
DROP TABLE IF EXISTS sys_operate_log CASCADE;
DROP TABLE IF EXISTS sys_message CASCADE;
DROP TABLE IF EXISTS sys_menu CASCADE;
DROP TABLE IF EXISTS sys_job_log CASCADE;
DROP TABLE IF EXISTS sys_job CASCADE;
DROP TABLE IF EXISTS sys_friend CASCADE;
DROP TABLE IF EXISTS sys_dict_data CASCADE;
DROP TABLE IF EXISTS sys_dict CASCADE;
DROP TABLE IF EXISTS sys_comment CASCADE;
DROP TABLE IF EXISTS sys_category CASCADE;
DROP TABLE IF EXISTS sys_article_tag CASCADE;
DROP TABLE IF EXISTS sys_article_favorite CASCADE;
DROP TABLE IF EXISTS sys_article_like CASCADE;
DROP TABLE IF EXISTS sys_article CASCADE;

-- Quartz 任务定义表
CREATE TABLE qrtz_job_details (
    sched_name varchar(120) NOT NULL,
    job_name varchar(190) NOT NULL,
    job_group varchar(190) NOT NULL,
    description varchar(250),
    job_class_name varchar(250) NOT NULL,
    is_durable varchar(1) NOT NULL,
    is_nonconcurrent varchar(1) NOT NULL,
    is_update_data varchar(1) NOT NULL,
    requests_recovery varchar(1) NOT NULL,
    job_data bytea,
    PRIMARY KEY (sched_name, job_name, job_group)
);

-- Quartz 触发器表
CREATE TABLE qrtz_triggers (
    sched_name varchar(120) NOT NULL,
    trigger_name varchar(190) NOT NULL,
    trigger_group varchar(190) NOT NULL,
    job_name varchar(190) NOT NULL,
    job_group varchar(190) NOT NULL,
    description varchar(250),
    next_fire_time bigint,
    prev_fire_time bigint,
    priority integer,
    trigger_state varchar(16) NOT NULL,
    trigger_type varchar(8) NOT NULL,
    start_time bigint NOT NULL,
    end_time bigint,
    calendar_name varchar(190),
    misfire_instr smallint,
    job_data bytea,
    PRIMARY KEY (sched_name, trigger_name, trigger_group),
    CONSTRAINT fk_qrtz_triggers_job
        FOREIGN KEY (sched_name, job_name, job_group)
        REFERENCES qrtz_job_details (sched_name, job_name, job_group)
        ON DELETE RESTRICT
        ON UPDATE RESTRICT
);

CREATE INDEX idx_qrtz_triggers_sched_job
    ON qrtz_triggers (sched_name, job_name, job_group);

-- 博客文章表
CREATE TABLE sys_article (
    id bigint GENERATED BY DEFAULT AS IDENTITY PRIMARY KEY,
    user_id bigint NOT NULL,
    category_id integer,
    title varchar(150) NOT NULL DEFAULT '',
    cover varchar(200),
    summary varchar(255) NOT NULL DEFAULT '',
    content text,
    content_md text,
    is_stick integer DEFAULT 0,
    status integer DEFAULT 0,
    is_original integer DEFAULT 1,
    is_carousel integer DEFAULT 0,
    is_recommend integer DEFAULT 0,
    original_url varchar(255),
    quantity bigint DEFAULT 0,
    keywords varchar(200),
    create_time timestamp DEFAULT CURRENT_TIMESTAMP,
    update_time timestamp
);

CREATE INDEX idx_sys_article_user_id ON sys_article (user_id);
CREATE INDEX idx_sys_article_title_trgm ON sys_article USING gin (title gin_trgm_ops);
CREATE INDEX idx_sys_article_status_stick_time ON sys_article (status, is_stick DESC, create_time DESC);
CREATE INDEX idx_sys_article_category_status_stick_time ON sys_article (category_id, status, is_stick DESC, create_time DESC);
CREATE INDEX idx_sys_article_carousel_time ON sys_article (is_carousel, create_time DESC);
CREATE INDEX idx_sys_article_recommend_time ON sys_article (is_recommend, create_time DESC);

-- 文章点赞表
CREATE TABLE sys_article_like (
    id bigint GENERATED BY DEFAULT AS IDENTITY PRIMARY KEY,
    user_id bigint NOT NULL,
    article_id bigint NOT NULL,
    CONSTRAINT uk_sys_article_like_user_article UNIQUE (user_id, article_id)
);

CREATE INDEX idx_sys_article_like_article_id ON sys_article_like (article_id);
CREATE INDEX idx_sys_article_like_user_article_id ON sys_article_like (user_id, article_id);

-- 文章收藏表
CREATE TABLE sys_article_favorite (
    id bigint GENERATED BY DEFAULT AS IDENTITY PRIMARY KEY,
    user_id bigint NOT NULL,
    article_id bigint NOT NULL,
    create_time timestamp DEFAULT CURRENT_TIMESTAMP,
    CONSTRAINT uk_user_article_favorite UNIQUE (user_id, article_id)
);

CREATE INDEX idx_sys_article_favorite_article_id ON sys_article_favorite (article_id);
CREATE INDEX idx_sys_article_favorite_user_create_time ON sys_article_favorite (user_id, create_time DESC);

-- 文章标签关联表
CREATE TABLE sys_article_tag (
    id bigint GENERATED BY DEFAULT AS IDENTITY PRIMARY KEY,
    article_id bigint NOT NULL,
    tag_id integer NOT NULL,
    CONSTRAINT uk_sys_article_tag_article_tag UNIQUE (article_id, tag_id)
);

CREATE INDEX idx_sys_article_tag_article_id_tag_id ON sys_article_tag (article_id, tag_id);
CREATE INDEX idx_sys_article_tag_tag_id_article_id ON sys_article_tag (tag_id, article_id);

-- 分类表
CREATE TABLE sys_category (
    id integer GENERATED BY DEFAULT AS IDENTITY PRIMARY KEY,
    name varchar(200),
    sort integer,
    create_time timestamp,
    update_time timestamp
);

-- 评论表
CREATE TABLE sys_comment (
    id bigint GENERATED BY DEFAULT AS IDENTITY PRIMARY KEY,
    article_id bigint NOT NULL,
    user_id bigint NOT NULL,
    reply_user_id bigint,
    parent_id bigint,
    content text NOT NULL,
    like_count integer DEFAULT 0,
    is_stick integer DEFAULT 0,
    ip varchar(100),
    browser varchar(30),
    system varchar(30),
    ip_source varchar(255),
    create_time timestamp DEFAULT CURRENT_TIMESTAMP
);

CREATE INDEX idx_sys_comment_article_id ON sys_comment (article_id);
CREATE INDEX idx_sys_comment_user_id ON sys_comment (user_id);
CREATE INDEX idx_sys_comment_parent_id ON sys_comment (parent_id);
CREATE INDEX idx_sys_comment_article_parent_time ON sys_comment (article_id, parent_id, create_time DESC);
CREATE INDEX idx_sys_comment_parent_time ON sys_comment (parent_id, create_time DESC);

-- 字典表
CREATE TABLE sys_dict (
    id bigint GENERATED BY DEFAULT AS IDENTITY PRIMARY KEY,
    name varchar(255),
    type varchar(100) NOT NULL,
    status integer NOT NULL DEFAULT 1,
    remark varchar(255),
    create_time timestamp NOT NULL DEFAULT CURRENT_TIMESTAMP,
    update_time timestamp NOT NULL DEFAULT CURRENT_TIMESTAMP,
    sort integer DEFAULT 0
);

-- 字典数据表
CREATE TABLE sys_dict_data (
    id bigint GENERATED BY DEFAULT AS IDENTITY PRIMARY KEY,
    dict_id bigint NOT NULL,
    label varchar(100) NOT NULL,
    value varchar(100) NOT NULL,
    style varchar(50),
    is_default varchar(10) DEFAULT '0',
    sort integer,
    remark varchar(100),
    status integer DEFAULT 1
);

CREATE INDEX idx_sys_dict_data_dict_id ON sys_dict_data (dict_id);

-- 友情链接表
CREATE TABLE sys_friend (
    id integer GENERATED BY DEFAULT AS IDENTITY PRIMARY KEY,
    name varchar(50) NOT NULL,
    url varchar(100) NOT NULL,
    avatar varchar(200),
    info varchar(200) NOT NULL,
    email varchar(100),
    sort integer DEFAULT 0,
    reason varchar(100),
    status integer NOT NULL DEFAULT 0,
    create_time timestamp DEFAULT CURRENT_TIMESTAMP,
    update_time timestamp DEFAULT CURRENT_TIMESTAMP,
    CONSTRAINT uk_sys_friend_url UNIQUE (url)
);

-- 定时任务调度表
CREATE TABLE sys_job (
    job_id bigint GENERATED BY DEFAULT AS IDENTITY PRIMARY KEY,
    job_name varchar(64) NOT NULL,
    job_group varchar(64) NOT NULL,
    invoke_target varchar(500) NOT NULL,
    cron_expression varchar(255) NOT NULL,
    misfire_policy varchar(20) DEFAULT '3',
    concurrent char(1) DEFAULT '1',
    status char(1) DEFAULT '0',
    create_time timestamp,
    update_time timestamp,
    remark varchar(500)
);

-- 定时任务调度日志表
CREATE TABLE sys_job_log (
    id bigint GENERATED BY DEFAULT AS IDENTITY PRIMARY KEY,
    job_id bigint NOT NULL,
    job_name varchar(64) NOT NULL,
    job_group varchar(64) NOT NULL,
    invoke_target varchar(500) NOT NULL,
    job_message varchar(500),
    status char(1) DEFAULT '0',
    exception_info varchar(2000) DEFAULT '',
    create_time timestamp,
    start_time timestamp,
    stop_time timestamp
);

-- 权限资源表
CREATE TABLE sys_menu (
    id integer GENERATED BY DEFAULT AS IDENTITY PRIMARY KEY,
    parent_id integer,
    path varchar(255),
    component varchar(255),
    title varchar(100),
    sort integer DEFAULT 0,
    icon varchar(32),
    type varchar(32),
    create_time timestamp,
    update_time timestamp,
    redirect varchar(255),
    name varchar(255),
    hidden integer,
    perm varchar(255),
    is_external integer DEFAULT 0
);

-- 留言表
CREATE TABLE sys_message (
    id integer GENERATED BY DEFAULT AS IDENTITY PRIMARY KEY,
    nickname varchar(255),
    avatar varchar(255),
    content varchar(255),
    ip varchar(255),
    source varchar(255),
    browser varchar(50),
    create_time timestamp DEFAULT CURRENT_TIMESTAMP
);

-- 操作日志表
CREATE TABLE sys_operate_log (
    id bigint GENERATED BY DEFAULT AS IDENTITY PRIMARY KEY,
    username varchar(255),
    request_url varchar(255),
    type varchar(255),
    operation_name varchar(255),
    ip varchar(255),
    source varchar(255),
    spend_time bigint,
    create_time timestamp DEFAULT CURRENT_TIMESTAMP,
    params_json text,
    class_path varchar(255),
    method_name varchar(255)
);

-- 角色表
CREATE TABLE sys_role (
    id integer GENERATED BY DEFAULT AS IDENTITY PRIMARY KEY,
    code varchar(50),
    name varchar(50),
    remarks varchar(500),
    create_time timestamp DEFAULT CURRENT_TIMESTAMP,
    update_time timestamp DEFAULT CURRENT_TIMESTAMP
);

-- 角色菜单关联表
CREATE TABLE sys_role_menu (
    id integer GENERATED BY DEFAULT AS IDENTITY PRIMARY KEY,
    role_id integer,
    menu_id integer,
    CONSTRAINT uk_sys_role_menu UNIQUE (role_id, menu_id)
);

-- 标签表
CREATE TABLE sys_tag (
    id integer GENERATED BY DEFAULT AS IDENTITY PRIMARY KEY,
    name varchar(200),
    sort integer,
    create_time timestamp,
    update_time timestamp
);

-- 用户表
CREATE TABLE sys_user (
    id bigint GENERATED BY DEFAULT AS IDENTITY PRIMARY KEY,
    username varchar(100),
    password varchar(100),
    create_time timestamp DEFAULT CURRENT_TIMESTAMP,
    update_time timestamp DEFAULT CURRENT_TIMESTAMP,
    status integer DEFAULT 1,
    ip varchar(255),
    ip_location varchar(255),
    os varchar(100),
    last_login_time timestamp DEFAULT CURRENT_TIMESTAMP,
    browser varchar(100),
    nickname varchar(100),
    avatar varchar(255),
    mobile varchar(15),
    email varchar(255),
    sex integer,
    login_type varchar(20),
    signature varchar(255),
    CONSTRAINT uk_sys_user_username UNIQUE (username)
);

-- 用户角色关联表
CREATE TABLE sys_user_role (
    id bigint GENERATED BY DEFAULT AS IDENTITY PRIMARY KEY,
    role_id integer,
    user_id bigint,
    CONSTRAINT uk_sys_user_role_user_role UNIQUE (user_id, role_id)
);

CREATE INDEX idx_sys_user_role_role_id ON sys_user_role (role_id);

-- 网站配置表
CREATE TABLE sys_web_config (
    id bigint GENERATED BY DEFAULT AS IDENTITY PRIMARY KEY,
    logo varchar(255) NOT NULL,
    name varchar(100) NOT NULL,
    summary varchar(255) NOT NULL,
    record_num varchar(100) NOT NULL,
    web_url varchar(255),
    author varchar(100) NOT NULL,
    author_info varchar(100),
    author_avatar varchar(255),
    github varchar(255),
    gitee varchar(255),
    qq_number varchar(20),
    qq_group varchar(50),
    email varchar(255),
    wechat varchar(100),
    show_list varchar(255),
    login_type_list varchar(255),
    open_comment boolean NOT NULL DEFAULT true,
    tourist_avatar varchar(255),
    bulletin varchar(255),
    about_me text,
    create_time timestamp DEFAULT CURRENT_TIMESTAMP,
    update_time timestamp DEFAULT CURRENT_TIMESTAMP,
    weather_enabled boolean DEFAULT true,
    weather_city varchar(100) DEFAULT '北京',
    weather_mode varchar(20) DEFAULT 'auto',
    weather_manual_type varchar(50),
    weather_intensity varchar(20) DEFAULT 'normal',
    weather_refresh_minutes integer DEFAULT 30,
    weather_adcode varchar(50),
    weather_lng varchar(50),
    weather_lat varchar(50),
    open_lantern boolean
);

-- 反馈表
CREATE TABLE sys_feedback (
    id bigint GENERATED BY DEFAULT AS IDENTITY PRIMARY KEY,
    user_id bigint NOT NULL,
    type varchar(20) NOT NULL,
    content varchar(100) NOT NULL,
    email varchar(200),
    reply_content varchar(200),
    status integer DEFAULT 0,
    create_time timestamp
);

CREATE INDEX idx_sys_feedback_user_time ON sys_feedback (user_id, create_time DESC);

-- 说说表
CREATE TABLE sys_moment (
    id bigint GENERATED BY DEFAULT AS IDENTITY PRIMARY KEY,
    user_id bigint,
    content text,
    images text,
    create_time timestamp
);

CREATE INDEX idx_sys_moment_create_time ON sys_moment (create_time DESC);

-- 相册表
CREATE TABLE sys_album (
    id bigint GENERATED BY DEFAULT AS IDENTITY PRIMARY KEY,
    name varchar(64),
    description varchar(64),
    cover varchar(255),
    is_lock integer DEFAULT 0,
    password varchar(255),
    sort integer,
    create_time timestamp
);

CREATE INDEX idx_sys_album_sort_time ON sys_album (sort, create_time DESC);

-- 照片表
CREATE TABLE sys_photo (
    id bigint GENERATED BY DEFAULT AS IDENTITY PRIMARY KEY,
    album_id bigint NOT NULL,
    description varchar(64),
    url varchar(255),
    record_time date,
    sort integer,
    create_time timestamp
);

CREATE INDEX idx_sys_photo_album_sort_record_time ON sys_photo (album_id, sort, record_time DESC);

-- 公告表
CREATE TABLE sys_notice (
    id bigint GENERATED BY DEFAULT AS IDENTITY PRIMARY KEY,
    content text,
    is_show integer,
    position varchar(20),
    create_time timestamp
);

CREATE INDEX idx_sys_notice_show_position_time ON sys_notice (is_show, position, create_time DESC);

-- 文件记录表
CREATE TABLE file_detail (
    id varchar(64) PRIMARY KEY,
    url varchar(512) NOT NULL,
    size bigint,
    filename varchar(256),
    original_filename varchar(256),
    base_path varchar(256),
    path varchar(256),
    ext varchar(32),
    content_type varchar(128),
    platform varchar(32),
    th_url varchar(512),
    th_filename varchar(256),
    th_size bigint,
    th_content_type varchar(128),
    object_id varchar(32),
    object_type varchar(32),
    metadata text,
    user_metadata text,
    th_metadata text,
    th_user_metadata text,
    attr text,
    file_acl varchar(32),
    th_file_acl varchar(32),
    hash_info text,
    upload_id varchar(128),
    upload_status integer,
    source varchar(25),
    create_time timestamp
);

-- 文件分片信息表
CREATE TABLE file_part_detail (
    id varchar(32) PRIMARY KEY,
    platform varchar(32),
    upload_id varchar(128),
    e_tag varchar(255),
    part_number integer,
    part_size bigint,
    hash_info text,
    create_time timestamp
);

-- 存储平台表
CREATE TABLE sys_file_oss (
    id bigint GENERATED BY DEFAULT AS IDENTITY PRIMARY KEY,
    domain varchar(255) NOT NULL,
    access_key varchar(255),
    secret_key varchar(255),
    bucket varchar(255),
    base_path varchar(255),
    platform varchar(64),
    is_enable integer,
    storage_path varchar(255),
    enable_access integer,
    path_patterns varchar(64),
    region varchar(64),
    create_time timestamp
);

-- 参数配置表
CREATE TABLE sys_config (
    id bigint GENERATED BY DEFAULT AS IDENTITY PRIMARY KEY,
    config_name varchar(100) DEFAULT '',
    config_key varchar(100) DEFAULT '',
    config_value varchar(500) DEFAULT '',
    config_type varchar(4) DEFAULT 'N',
    create_time timestamp,
    update_time timestamp,
    remark varchar(1000)
);

-- 站点统计表
CREATE TABLE sys_site_stats (
    id bigint GENERATED BY DEFAULT AS IDENTITY PRIMARY KEY,
    blog_views_count bigint NOT NULL DEFAULT 0,
    unique_visitor_count bigint NOT NULL DEFAULT 0,
    create_time timestamp DEFAULT CURRENT_TIMESTAMP,
    update_time timestamp DEFAULT CURRENT_TIMESTAMP
);

-- 站点访客指纹表
CREATE TABLE sys_site_visitor (
    id bigint GENERATED BY DEFAULT AS IDENTITY PRIMARY KEY,
    visitor_key varchar(64) NOT NULL,
    create_time timestamp DEFAULT CURRENT_TIMESTAMP,
    update_time timestamp DEFAULT CURRENT_TIMESTAMP,
    CONSTRAINT uk_sys_site_visitor_key UNIQUE (visitor_key)
);

-- 消息通知表
CREATE TABLE sys_notifications (
    id bigint GENERATED BY DEFAULT AS IDENTITY PRIMARY KEY,
    user_id bigint,
    from_user_id bigint,
    type varchar(20) NOT NULL,
    title varchar(255) NOT NULL,
    message text NOT NULL,
    is_read boolean NOT NULL DEFAULT false,
    article_id bigint,
    link varchar(255),
    create_time timestamp NOT NULL
);

CREATE INDEX idx_sys_notifications_user_read_time ON sys_notifications (user_id, is_read, create_time DESC);
CREATE INDEX idx_sys_notifications_user_type_time ON sys_notifications (user_id, type, create_time DESC);

-- AI 会话表
CREATE TABLE sys_ai_conversation (
    id bigint GENERATED BY DEFAULT AS IDENTITY PRIMARY KEY,
    user_id bigint NOT NULL,
    type varchar(20) NOT NULL,
    article_id bigint,
    title varchar(255) NOT NULL,
    summary varchar(500),
    model_provider varchar(50),
    model_name varchar(100),
    last_message_at timestamp,
    create_time timestamp DEFAULT CURRENT_TIMESTAMP,
    update_time timestamp DEFAULT CURRENT_TIMESTAMP
);

CREATE INDEX idx_ai_conversation_user_time
    ON sys_ai_conversation (user_id, last_message_at);

-- AI 会话消息表
CREATE TABLE sys_ai_message (
    id bigint GENERATED BY DEFAULT AS IDENTITY PRIMARY KEY,
    conversation_id bigint NOT NULL,
    "role" varchar(20) NOT NULL,
    content text NOT NULL,
    tokens_in integer,
    tokens_out integer,
    quote_payload text,
    create_time timestamp DEFAULT CURRENT_TIMESTAMP
);

CREATE INDEX idx_ai_message_conversation_time
    ON sys_ai_message (conversation_id, create_time);

-- AI 额度表
CREATE TABLE sys_ai_quota (
    id bigint GENERATED BY DEFAULT AS IDENTITY PRIMARY KEY,
    user_id bigint NOT NULL,
    manual_bonus_tokens bigint NOT NULL DEFAULT 0,
    used_tokens bigint NOT NULL DEFAULT 0,
    last_consume_at timestamp,
    create_time timestamp DEFAULT CURRENT_TIMESTAMP,
    update_time timestamp DEFAULT CURRENT_TIMESTAMP,
    CONSTRAINT uk_ai_quota_user UNIQUE (user_id)
);

-- AI 额度流水表
CREATE TABLE sys_ai_quota_log (
    id bigint GENERATED BY DEFAULT AS IDENTITY PRIMARY KEY,
    user_id bigint NOT NULL,
    biz_type varchar(32) NOT NULL,
    token_delta bigint NOT NULL,
    article_id bigint,
    conversation_id bigint,
    source_title varchar(255),
    remark varchar(255),
    create_time timestamp DEFAULT CURRENT_TIMESTAMP
);

CREATE INDEX idx_ai_quota_log_user_time
    ON sys_ai_quota_log (user_id, create_time);

ALTER TABLE sys_article
    ADD CONSTRAINT fk_sys_article_user
    FOREIGN KEY (user_id) REFERENCES sys_user(id)
    ON DELETE RESTRICT
    ON UPDATE RESTRICT;

ALTER TABLE sys_article
    ADD CONSTRAINT fk_sys_article_category
    FOREIGN KEY (category_id) REFERENCES sys_category(id)
    ON DELETE SET NULL
    ON UPDATE RESTRICT;

ALTER TABLE sys_article_like
    ADD CONSTRAINT fk_sys_article_like_user
    FOREIGN KEY (user_id) REFERENCES sys_user(id)
    ON DELETE CASCADE
    ON UPDATE RESTRICT;

ALTER TABLE sys_article_like
    ADD CONSTRAINT fk_sys_article_like_article
    FOREIGN KEY (article_id) REFERENCES sys_article(id)
    ON DELETE CASCADE
    ON UPDATE RESTRICT;

ALTER TABLE sys_article_favorite
    ADD CONSTRAINT fk_sys_article_favorite_user
    FOREIGN KEY (user_id) REFERENCES sys_user(id)
    ON DELETE CASCADE
    ON UPDATE RESTRICT;

ALTER TABLE sys_article_favorite
    ADD CONSTRAINT fk_sys_article_favorite_article
    FOREIGN KEY (article_id) REFERENCES sys_article(id)
    ON DELETE CASCADE
    ON UPDATE RESTRICT;

ALTER TABLE sys_article_tag
    ADD CONSTRAINT fk_sys_article_tag_article
    FOREIGN KEY (article_id) REFERENCES sys_article(id)
    ON DELETE CASCADE
    ON UPDATE RESTRICT;

ALTER TABLE sys_article_tag
    ADD CONSTRAINT fk_sys_article_tag_tag
    FOREIGN KEY (tag_id) REFERENCES sys_tag(id)
    ON DELETE CASCADE
    ON UPDATE RESTRICT;

ALTER TABLE sys_comment
    ADD CONSTRAINT fk_sys_comment_article
    FOREIGN KEY (article_id) REFERENCES sys_article(id)
    ON DELETE CASCADE
    ON UPDATE RESTRICT;

ALTER TABLE sys_comment
    ADD CONSTRAINT fk_sys_comment_user
    FOREIGN KEY (user_id) REFERENCES sys_user(id)
    ON DELETE RESTRICT
    ON UPDATE RESTRICT;

ALTER TABLE sys_comment
    ADD CONSTRAINT fk_sys_comment_reply_user
    FOREIGN KEY (reply_user_id) REFERENCES sys_user(id)
    ON DELETE SET NULL
    ON UPDATE RESTRICT;

ALTER TABLE sys_comment
    ADD CONSTRAINT fk_sys_comment_parent
    FOREIGN KEY (parent_id) REFERENCES sys_comment(id)
    ON DELETE CASCADE
    ON UPDATE RESTRICT;

ALTER TABLE sys_dict_data
    ADD CONSTRAINT fk_sys_dict_data_dict
    FOREIGN KEY (dict_id) REFERENCES sys_dict(id)
    ON DELETE CASCADE
    ON UPDATE RESTRICT;

ALTER TABLE sys_role_menu
    ADD CONSTRAINT fk_sys_role_menu_role
    FOREIGN KEY (role_id) REFERENCES sys_role(id)
    ON DELETE CASCADE
    ON UPDATE RESTRICT;

ALTER TABLE sys_role_menu
    ADD CONSTRAINT fk_sys_role_menu_menu
    FOREIGN KEY (menu_id) REFERENCES sys_menu(id)
    ON DELETE CASCADE
    ON UPDATE RESTRICT;

ALTER TABLE sys_user_role
    ADD CONSTRAINT fk_sys_user_role_user
    FOREIGN KEY (user_id) REFERENCES sys_user(id)
    ON DELETE CASCADE
    ON UPDATE RESTRICT;

ALTER TABLE sys_user_role
    ADD CONSTRAINT fk_sys_user_role_role
    FOREIGN KEY (role_id) REFERENCES sys_role(id)
    ON DELETE CASCADE
    ON UPDATE RESTRICT;

ALTER TABLE sys_feedback
    ADD CONSTRAINT fk_sys_feedback_user
    FOREIGN KEY (user_id) REFERENCES sys_user(id)
    ON DELETE RESTRICT
    ON UPDATE RESTRICT;

ALTER TABLE sys_moment
    ADD CONSTRAINT fk_sys_moment_user
    FOREIGN KEY (user_id) REFERENCES sys_user(id)
    ON DELETE SET NULL
    ON UPDATE RESTRICT;

ALTER TABLE sys_photo
    ADD CONSTRAINT fk_sys_photo_album
    FOREIGN KEY (album_id) REFERENCES sys_album(id)
    ON DELETE CASCADE
    ON UPDATE RESTRICT;

ALTER TABLE sys_notifications
    ADD CONSTRAINT fk_sys_notifications_user
    FOREIGN KEY (user_id) REFERENCES sys_user(id)
    ON DELETE CASCADE
    ON UPDATE RESTRICT;

ALTER TABLE sys_notifications
    ADD CONSTRAINT fk_sys_notifications_from_user
    FOREIGN KEY (from_user_id) REFERENCES sys_user(id)
    ON DELETE SET NULL
    ON UPDATE RESTRICT;

ALTER TABLE sys_notifications
    ADD CONSTRAINT fk_sys_notifications_article
    FOREIGN KEY (article_id) REFERENCES sys_article(id)
    ON DELETE SET NULL
    ON UPDATE RESTRICT;

ALTER TABLE sys_ai_conversation
    ADD CONSTRAINT fk_sys_ai_conversation_user
    FOREIGN KEY (user_id) REFERENCES sys_user(id)
    ON DELETE CASCADE
    ON UPDATE RESTRICT;

ALTER TABLE sys_ai_conversation
    ADD CONSTRAINT fk_sys_ai_conversation_article
    FOREIGN KEY (article_id) REFERENCES sys_article(id)
    ON DELETE SET NULL
    ON UPDATE RESTRICT;

ALTER TABLE sys_ai_message
    ADD CONSTRAINT fk_sys_ai_message_conversation
    FOREIGN KEY (conversation_id) REFERENCES sys_ai_conversation(id)
    ON DELETE CASCADE
    ON UPDATE RESTRICT;

ALTER TABLE sys_ai_quota
    ADD CONSTRAINT fk_sys_ai_quota_user
    FOREIGN KEY (user_id) REFERENCES sys_user(id)
    ON DELETE CASCADE
    ON UPDATE RESTRICT;

ALTER TABLE sys_ai_quota_log
    ADD CONSTRAINT fk_sys_ai_quota_log_user
    FOREIGN KEY (user_id) REFERENCES sys_user(id)
    ON DELETE RESTRICT
    ON UPDATE RESTRICT;

ALTER TABLE sys_ai_quota_log
    ADD CONSTRAINT fk_sys_ai_quota_log_article
    FOREIGN KEY (article_id) REFERENCES sys_article(id)
    ON DELETE SET NULL
    ON UPDATE RESTRICT;

ALTER TABLE sys_ai_quota_log
    ADD CONSTRAINT fk_sys_ai_quota_log_conversation
    FOREIGN KEY (conversation_id) REFERENCES sys_ai_conversation(id)
    ON DELETE SET NULL
    ON UPDATE RESTRICT;

CREATE TRIGGER trg_sys_article_update_time
    BEFORE UPDATE ON sys_article
    FOR EACH ROW
    EXECUTE FUNCTION set_update_time();

CREATE TRIGGER trg_sys_category_update_time
    BEFORE UPDATE ON sys_category
    FOR EACH ROW
    EXECUTE FUNCTION set_update_time();

CREATE TRIGGER trg_sys_dict_update_time
    BEFORE UPDATE ON sys_dict
    FOR EACH ROW
    EXECUTE FUNCTION set_update_time();

CREATE TRIGGER trg_sys_friend_update_time
    BEFORE UPDATE ON sys_friend
    FOR EACH ROW
    EXECUTE FUNCTION set_update_time();

CREATE TRIGGER trg_sys_job_update_time
    BEFORE UPDATE ON sys_job
    FOR EACH ROW
    EXECUTE FUNCTION set_update_time();

CREATE TRIGGER trg_sys_menu_update_time
    BEFORE UPDATE ON sys_menu
    FOR EACH ROW
    EXECUTE FUNCTION set_update_time();

CREATE TRIGGER trg_sys_role_update_time
    BEFORE UPDATE ON sys_role
    FOR EACH ROW
    EXECUTE FUNCTION set_update_time();

CREATE TRIGGER trg_sys_tag_update_time
    BEFORE UPDATE ON sys_tag
    FOR EACH ROW
    EXECUTE FUNCTION set_update_time();

CREATE TRIGGER trg_sys_user_update_time
    BEFORE UPDATE ON sys_user
    FOR EACH ROW
    EXECUTE FUNCTION set_update_time();

CREATE TRIGGER trg_sys_web_config_update_time
    BEFORE UPDATE ON sys_web_config
    FOR EACH ROW
    EXECUTE FUNCTION set_update_time();

CREATE TRIGGER trg_sys_config_update_time
    BEFORE UPDATE ON sys_config
    FOR EACH ROW
    EXECUTE FUNCTION set_update_time();

CREATE TRIGGER trg_sys_site_stats_update_time
    BEFORE UPDATE ON sys_site_stats
    FOR EACH ROW
    EXECUTE FUNCTION set_update_time();

CREATE TRIGGER trg_sys_site_visitor_update_time
    BEFORE UPDATE ON sys_site_visitor
    FOR EACH ROW
    EXECUTE FUNCTION set_update_time();

CREATE TRIGGER trg_sys_ai_conversation_update_time
    BEFORE UPDATE ON sys_ai_conversation
    FOR EACH ROW
    EXECUTE FUNCTION set_update_time();

CREATE TRIGGER trg_sys_ai_quota_update_time
    BEFORE UPDATE ON sys_ai_quota
    FOR EACH ROW
    EXECUTE FUNCTION set_update_time();

-- 初始化文章数据
INSERT INTO sys_article (
    id, user_id, category_id, title, cover, summary, content, content_md,
    is_stick, status, is_original, is_carousel, is_recommend, original_url,
    quantity, keywords, create_time, update_time
) VALUES (
    1, 1, 1, '欢迎来到 FxMarkBrown''s Blog', NULL,
    '这是2026年3月18日的首条测试文章。',
    '<h2>欢迎来到 FxMarkBrown''s Blog</h2>
<p>这是2026年3月8日的首条测试文章。</p>',
    '## 欢迎来到 FxMarkBrown''s Blog

这是 2026 年 3 月 18 日的首条测试文章。',
    1, 1, 1, 1, 1, NULL, 0, '初始化,博客', '2026-03-18 00:00:00', '2026-03-20 00:00:00'
);

INSERT INTO sys_article_tag VALUES (1, 1, 1);
INSERT INTO sys_article_tag VALUES (2, 1, 2);

INSERT INTO sys_category VALUES (1, '博客文档', 1, '2025-01-01 00:00:00', '2025-01-01 00:00:00');

INSERT INTO sys_dict VALUES (26, '登录方式', 'login_type', 1, '登陆方式', '2024-12-28 22:25:17', '2024-12-28 22:25:17', 0);
INSERT INTO sys_dict (id, name, type, status, remark, create_time, update_time, sort)
VALUES (31, '反馈类型', 'feedback_type', 1, '反馈类型', '2025-01-12 10:37:00', '2025-01-12 10:37:00', 0);
INSERT INTO sys_dict (id, name, type, status, remark, create_time, update_time, sort)
VALUES (32, '反馈状态', 'feedback_status', 1, '', '2025-01-12 10:37:00', '2025-01-12 10:37:00', 0);
INSERT INTO sys_dict (id, name, type, status, remark, create_time, update_time, sort)
VALUES (33, '公告位置', 'notice_position', 1, '', '2025-02-11 15:27:51', '2025-02-11 15:27:51', 0);
INSERT INTO sys_dict (id, name, type, status, remark, create_time, update_time, sort)
VALUES (34, '是否状态', 'sys_yes_no', 1, '是和否状态', '2025-02-13 14:33:48', '2025-02-13 14:33:47', 0);
INSERT INTO sys_dict (id, name, type, status, remark, create_time, update_time, sort)
VALUES (35, '文件类型', 'sys_file_type', 1, '', '2025-02-13 17:10:46', '2025-02-13 17:10:45', 0);
INSERT INTO sys_dict (id, name, type, status, remark, create_time, update_time, sort)
VALUES (36, '存储平台', 'sys_file_oss', 1, '', '2025-02-14 08:47:01', '2025-02-14 08:47:01', 0);
INSERT INTO sys_dict (id, name, type, status, remark, create_time, update_time, sort)
VALUES (37, '文章状态', 'article_status', 1, NULL, '2025-01-16 09:56:49', '2025-01-16 09:56:49', 0);

INSERT INTO sys_dict_data (id, dict_id, label, value, style, is_default, sort, remark, status)
VALUES (1, 37, '下架', '0', 'danger', 0, 1, NULL, 1);
INSERT INTO sys_dict_data (id, dict_id, label, value, style, is_default, sort, remark, status)
VALUES (2, 37, '上架', '1', 'success', 0, 2, NULL, 1);
INSERT INTO sys_dict_data (id, dict_id, label, value, style, is_default, sort, remark, status)
VALUES (3, 37, '草稿', '2', 'warning', 0, 3, NULL, 1);
INSERT INTO sys_dict_data (id, dict_id, label, value, style, is_default, sort, remark, status)
VALUES (4, 37, '审核', '3', 'info', 0, 4, NULL, 1);
INSERT INTO sys_dict_data (id, dict_id, label, value, style, is_default, sort, status, remark)
VALUES (5, 26, 'QQ', 'qq', 'success', '1', 2, 1, 'QQ登录'),
       (6, 26, '微博', 'weibo', 'danger', '0', 2, 1, '微博登录'),
       (8, 26, '微信', 'wechat', 'success', '1', 0, 1, '微信登录'),
       (9, 26, 'GitHub', 'github', 'info', '1', 4, 1, 'GitHub登录');
INSERT INTO sys_dict_data (id, dict_id, label, value, style, is_default, sort, remark, status)
VALUES (38, 31, '问题反馈', 'bug', 'danger', 0, 1, '', 1);
INSERT INTO sys_dict_data (id, dict_id, label, value, style, is_default, sort, remark, status)
VALUES (39, 31, '功能建议', 'feature', 'success', 0, 2, '', 1);
INSERT INTO sys_dict_data (id, dict_id, label, value, style, is_default, sort, remark, status)
VALUES (40, 31, '其他', 'other', 'info', 0, 3, '', 1);
INSERT INTO sys_dict_data (id, dict_id, label, value, style, is_default, sort, remark, status)
VALUES (49, 33, '顶部', 'top', 'primary', 0, 1, '', 1);
INSERT INTO sys_dict_data (id, dict_id, label, value, style, is_default, sort, remark, status)
VALUES (50, 33, '右侧', 'right', 'info', 0, 2, '', 1);
INSERT INTO sys_dict_data (id, dict_id, label, value, style, is_default, sort, remark, status)
VALUES (51, 34, '否', '0', 'danger', 0, 0, '', 1);
INSERT INTO sys_dict_data (id, dict_id, label, value, style, is_default, sort, remark, status)
VALUES (52, 34, '是', '1', 'success', 0, 1, '', 1);
INSERT INTO sys_dict_data (id, dict_id, label, value, style, is_default, sort, remark, status)
VALUES (53, 35, 'png', 'png', 'primary', 0, 0, '', 1);
INSERT INTO sys_dict_data (id, dict_id, label, value, style, is_default, sort, remark, status)
VALUES (54, 35, 'gif', 'gif', 'info', 0, 1, '', 1);
INSERT INTO sys_dict_data (id, dict_id, label, value, style, is_default, sort, remark, status)
VALUES (55, 35, 'jpg', 'jpg', 'primary', 0, 2, '', 1);
INSERT INTO sys_dict_data (id, dict_id, label, value, style, is_default, sort, remark, status)
VALUES (56, 35, 'jpeg', 'jpeg', 'primary', 0, 3, '', 1);
INSERT INTO sys_dict_data (id, dict_id, label, value, style, is_default, sort, remark, status)
VALUES (57, 35, 'doc', 'doc', 'warning', 0, 4, '', 1);
INSERT INTO sys_dict_data (id, dict_id, label, value, style, is_default, sort, remark, status)
VALUES (58, 35, 'mp4', 'mp4', 'danger', 0, 5, '', 1);
INSERT INTO sys_dict_data (id, dict_id, label, value, style, is_default, sort, remark, status)
VALUES (59, 36, '七牛云', 'qiniu', 'primary', 0, 0, '', 1);
INSERT INTO sys_dict_data (id, dict_id, label, value, style, is_default, sort, remark, status)
VALUES (60, 36, '阿里云', 'ali', 'warning', 0, 1, '', 1);
INSERT INTO sys_dict_data (id, dict_id, label, value, style, is_default, sort, remark, status)
VALUES (61, 36, '本地云', 'local', 'info', 0, 2, '', 1);
INSERT INTO sys_dict_data (id, dict_id, label, value, style, is_default, sort, remark, status)
VALUES (62, 36, '腾讯云', 'tencent', 'primary', 0, 3, '', 1);
INSERT INTO sys_dict_data (id, dict_id, label, value, style, is_default, sort, remark, status)
VALUES (66, 38, 'Office文档', '3', 'info', 0, 2, 'doc', 1);
INSERT INTO sys_dict_data (id, dict_id, label, value, style, is_default, sort, remark, status)
VALUES (65, 38, 'PDF电子书', '2', 'danger', 0, 3, 'pdf', 1);
INSERT INTO sys_dict_data (id, dict_id, label, value, style, is_default, sort, remark, status)
VALUES (64, 38, '软件安装包', '1', 'primary', 0, 1, 'zip', 1);

INSERT INTO sys_menu VALUES
(1, '0', '/system', 'Layout', '系统管理', 4, 'Setting', 'CATALOG', '2019-03-28 18:51:08', '2021-12-17 15:26:06', '/system/user', '', 0, NULL, 0),
(2, '1', 'role', '/system/role/index', '角色管理', 2, 'Avatar', 'MENU', '2019-03-30 14:00:03', '2021-11-16 15:40:42', '', '', 0, NULL, 0),
(3, '2', NULL, NULL, '角色列表', 1, '', 'BUTTON', NULL, '2024-11-18 17:56:16', '', NULL, 1, 'system:role', 0),
(4, '0', '/monitor', 'Layout', '监控中心', 5, 'Monitor', 'CATALOG', NULL, '2024-11-17 21:38:25', '/monitor/server', '', 0, NULL, 0),
(7, '6', '', '', '新增', 1, '', 'BUTTON', NULL, '2024-11-16 14:18:24', NULL, '', 1, 'a:b:add', 0),
(8, '2', '', '', '新增角色', 1, '', 'BUTTON', NULL, '2024-11-21 22:16:56', NULL, '', 1, 'sys:role:add', 0),
(9, '1', 'dict', '/system/dict/index', '字典管理', 3, 'Memo', 'MENU', '2024-11-17 21:29:51', '2024-11-17 21:39:06', NULL, '', 0, NULL, 0),
(10, '9', '', '', '新增字典', 1, '', 'BUTTON', '2024-11-17 21:30:23', NULL, NULL, '', 1, 'sys:dict:add', 0),
(11, '9', '', '', '修改字典', 2, '', 'BUTTON', '2024-11-17 21:32:34', '2024-11-18 18:01:35', NULL, '', 1, 'sys:dict:update', 0),
(12, '9', '', '', '删除字典', 3, '', 'BUTTON', '2024-11-17 21:34:33', '2024-11-17 21:39:11', NULL, '', 1, 'sys:dict:delete', 0),
(13, '1', 'menu', '/system/menu/index', '菜单管理', 5, 'Menu', 'MENU', NULL, '2021-11-18 11:26:00', '', 'menu', 0, NULL, 0),
(14, '1', 'user', '/system/user/index', '用户管理', 1, 'User', 'MENU', '2024-11-18 01:10:52', '2024-11-18 01:11:13', NULL, '', 0, '', 0),
(16, '4', 'server', '/monitor/server/index', '服务监控', 1, 'Crop', 'MENU', '2024-11-18 01:18:12', '2024-11-18 01:20:27', NULL, '', 0, '', 0),
(17, '4', 'cache', '/monitor/cache/index', '缓存监控', 2, 'Coin', 'MENU', '2024-11-18 06:56:49', NULL, NULL, '', 0, '', 0),
(18, '4', 'job', '/monitor/job/index', '定时任务', 3, 'AlarmClock', 'MENU', '2024-11-18 06:57:38', NULL, NULL, '', 0, '', 0),
(19, '4', 'job-log', '/monitor/job/log', '调度日志', 4, 'Document', 'MENU', '2024-11-18 06:58:43', '2024-11-18 06:58:55', NULL, '', 1, '', 0),
(27, '14', '', '', '新增用户', 2, '', 'BUTTON', '2024-11-18 09:18:14', '2024-11-21 22:15:30', NULL, '', 1, 'sys:user:add', 0),
(28, '14', '', '', '编辑用户', 2, '', 'BUTTON', '2024-11-18 09:18:38', '2024-11-21 14:38:56', NULL, '', 1, 'sys:user:update', 0),
(29, '14', '', '', '删除用户', 3, '', 'BUTTON', '2024-11-18 09:18:53', '2024-11-21 22:15:43', NULL, '', 1, 'sys:user:delete', 0),
(32, '1', 'log', '', '日志管理', 5, 'DocumentCopy', 'MENU', '2024-11-18 10:52:47', '2024-11-18 10:58:00', '/system/log/operation', '', 0, '', 0),
(33, '32', 'operation', '/system/log/operation/index', '操作日志', 1, 'CircleCheckFilled', 'MENU', '2024-11-18 10:53:10', '2024-11-18 11:05:22', NULL, '', 0, '', 0),
(39, '14', '', '', '用户列表', 1, '', 'BUTTON', '2024-11-18 17:54:15', '2024-11-21 22:07:33', '', '', 1, 'sys:user', 0),
(40, '2', '', '', '修改角色', 2, '', 'BUTTON', '2024-11-18 17:56:10', '2024-11-21 22:04:52', '', '', 1, 'sys:role:update', 0),
(41, '2', '', '', '删除角色', 3, '', 'BUTTON', '2024-11-18 17:56:34', '2024-11-21 22:17:17', '', NULL, 1, 'sys:role:delete', 0),
(43, '2', '', '', '分配权限', 5, '', 'BUTTON', '2024-11-18 17:57:28', NULL, '', NULL, 1, 'sys:role:menus', 0),
(44, '9', '', '', '批量删除', 4, '', 'BUTTON', '2024-11-18 17:58:16', '2024-11-21 22:07:06', '', '', 1, 'sys:dict:deleteBatch', 0),
(48, '13', '', '', '添加菜单', 1, '', 'BUTTON', '2024-11-18 17:56:58', NULL, '', NULL, 1, 'sys:menu:add', 0),
(49, '13', '', '', '修改菜单', 2, '', 'BUTTON', '2024-11-18 17:56:58', NULL, '', NULL, 1, 'sys:menu:update', 0),
(50, '13', '', '', '删除菜单', 3, '', 'BUTTON', '2024-11-21 21:55:49', NULL, '', '', 1, 'sys:menu:delete', 0),
(51, '13', '', '', '菜单列表', 1, '', 'BUTTON', '2024-11-21 21:58:29', NULL, '', '', 1, 'sys:menu', 0),
(52, '14', '', '', '重置密码', 5, '', 'BUTTON', '2024-11-21 22:00:30', NULL, '', '', 1, 'sys:user:reset', 0),
(53, '9', '', '', '字典列表', 1, '', 'BUTTON', '2024-11-18 17:58:16', NULL, '', '', 1, 'sys:dict', 0),
(54, '1', 'profile', '/system/user/profile/index', '个人中心', 99, 'Avatar', 'MENU', '2024-11-21 22:12:18', '2024-11-21 22:12:46', '', '', 1, '', 0),
(55, '33', '', '', '操作日志列表', 1, '', 'BUTTON', '2024-11-18 10:53:10', '2024-11-18 11:05:22', '', '', 1, 'sys:operateLog', 0),
(56, '33', '', '', '删除操作日志', 2, '', 'BUTTON', '2024-11-18 10:53:10', '2024-11-18 11:05:22', '', '', 1, 'sys:operateLog:delete', 0),
(58, '18', '', '', '定时任务列表', 3, '', 'BUTTON', '2024-11-18 17:56:58', '2024-11-21 22:04:42', '', NULL, 1, 'sys:job', 0),
(59, '18', '', '', '添加定时任务', 2, '', 'BUTTON', '2024-11-18 17:56:58', '2024-11-21 22:04:42', '', NULL, 1, 'sys:job:add', 0),
(60, '18', '', '', '修改定时任务', 1, '', 'BUTTON', '2024-11-18 17:56:58', '2024-11-21 22:04:42', '', NULL, 1, 'sys:job:update', 0),
(61, '18', '', '', '删除定时任务', 4, '', 'BUTTON', '2024-11-18 17:56:58', '2024-11-21 22:04:42', '', NULL, 1, 'sys:job:delete', 0),
(62, '18', '', '', '修改任务状态', 1, '', 'BUTTON', '2024-11-18 17:56:58', '2024-11-21 22:04:42', '', NULL, 0, 'sys:job:changeStatus', 0),
(63, '19', '', '', '删除定时任务日志', 1, '', 'BUTTON', '2024-11-21 22:26:56', NULL, '', '', 1, 'sys:jobLog:delete', 0),
(64, '19', '', '', '清空定时任务日志', 2, '', 'BUTTON', '2024-11-21 22:27:09', NULL, '', '', 1, 'sys:jobLog:clean', 0),
(65, '18', '', '', '批量删除定时任务', 1, '', 'BUTTON', '2024-11-21 22:37:01', '2024-11-21 22:38:05', '', '', 1, 'sys:job:deleteBatch', 0),
(66, '19', '', '', '定时任务日志列表', 1, '', 'BUTTON', '2024-11-21 23:09:47', NULL, '', '', 1, 'sys:jobLog', 0),
(67, '4', 'online', '/monitor/online/index', '在线用户', 4, 'Avatar', 'MENU', '2024-12-03 12:40:41', NULL, '', '', 0, '', 0),
(68, '0', '/article', 'Layout', '文章管理', 1, 'Document', 'CATALOG', '2024-12-22 10:49:22', '2024-12-22 10:49:37', '/article/index', '', 0, '', 0),
(69, '68', 'tag', '/article/tag/index', '标签管理', 2, 'PriceTag', 'MENU', '2024-12-22 10:49:22', '2024-12-22 10:49:37', '', '', 0, '', 0),
(70, '68', 'category', '/article/category/index', '分类管理', 2, 'Dessert', 'MENU', '2024-12-22 10:49:22', '2024-12-22 10:49:37', '', '', 0, '', 0),
(71, '68', 'index', '/article/article/index', '文章管理', 1, 'DocumentRemove', 'MENU', '2024-12-25 13:47:27', NULL, '', '', 0, '', 0),
(72, '0', '/site', 'Layout', '站点管理', 2, 'DeleteLocation', 'CATALOG', '2024-12-25 16:13:03', '2024-12-25 16:13:33', '/site/config', '', 0, '', 0),
(73, '72', 'friend', '/site/friend/index', '友链管理', 2, 'ChromeFilled', 'MENU', '2024-12-25 16:17:24', NULL, '', '', 0, '', 0),
(74, '72', 'config', '/site/config/index', '网站配置', 1, 'AddLocation', 'MENU', '2024-12-25 16:35:39', NULL, '', '', 0, '', 0),
(75, '71', '', '', '文章列表', 1, '', 'BUTTON', '2024-12-28 22:02:24', NULL, '', '', 1, 'sys:article:list', 0),
(76, '71', '', '', '新增文章', 2, '', 'BUTTON', '2024-12-28 22:02:24', NULL, '', '', 1, 'sys:article:add', 0),
(77, '71', '', '', '修改文章', 3, '', 'BUTTON', '2024-12-28 22:02:24', NULL, '', '', 1, 'sys:article:update', 0),
(78, '71', '', '', '修改状态', 4, '', 'BUTTON', '2024-12-28 22:02:24', NULL, '', '', 1, 'sys:article:updateStatus', 0),
(79, '71', '', '', '删除文章', 2, '', 'BUTTON', '2024-12-28 22:02:24', NULL, '', '', 1, 'sys:article:delete', 0),
(80, '69', '', '', '标签列表', 1, '', 'BUTTON', '2024-12-28 22:05:25', NULL, '', '', 1, 'sys:tag:list', 0),
(81, '69', '', '', '新增标签', 2, '', 'BUTTON', '2024-12-28 22:05:59', NULL, '', '', 1, 'sys:tag:add', 0),
(82, '69', '', '', '修改标签', 3, '', 'BUTTON', '2024-12-28 22:06:26', NULL, '', '', 1, 'sys:tag:update', 0),
(83, '69', '', '', '删除标签', 4, '', 'BUTTON', '2024-12-28 22:06:40', NULL, '', '', 1, 'sys:tag:delete', 0),
(84, '70', '', '', '分类列表', 1, '', 'BUTTON', '2024-12-28 22:07:27', NULL, '', '', 1, 'sys:category:list', 0),
(85, '70', '', '', '新增分类', 2, '', 'BUTTON', '2024-12-28 22:07:40', NULL, '', '', 1, 'sys:category:add', 0),
(86, '70', '', '', '修改分类', 3, '', 'BUTTON', '2024-12-28 22:07:58', NULL, '', '', 1, 'sys:category:update', 0),
(87, '70', '', '', '删除分类', 4, '', 'BUTTON', '2024-12-28 22:08:11', NULL, '', '', 1, 'sys:category:delete', 0),
(88, '74', '', '', '网站列表', 1, '', 'BUTTON', '2024-12-28 22:09:06', NULL, '', '', 1, 'sys:web:config', 0),
(89, '74', '', '', '修改配置', 2, '', 'BUTTON', '2024-12-28 22:09:21', NULL, '', '', 1, 'sys:web:update', 0),
(90, '73', '', '', '友链列表', 1, '', 'BUTTON', '2024-12-28 22:10:26', NULL, '', '', 1, 'sys:friend:list', 0),
(91, '73', '', '', '新增友链', 2, '', 'BUTTON', '2024-12-28 22:10:41', NULL, '', '', 1, 'sys:friend:add', 0),
(92, '73', '', '', '修改友链', 3, '', 'BUTTON', '2024-12-28 22:11:09', NULL, '', '', 1, 'sys:friend:update', 0),
(93, '73', '', '', '删除友链', 4, '', 'BUTTON', '2024-12-28 22:11:21', NULL, '', '', 1, 'sys:friend:delete', 0),
(94, '17', '', '', '清空缓存', 2, '', 'BUTTON', '2024-12-28 22:22:54', NULL, '', '', 1, 'monitor:cache', 0),
(95, '17', '', '', '缓存信息', 1, '', 'BUTTON', '2024-12-28 22:23:36', NULL, '', '', 1, 'monitor:cache:info', 0),
(96, '0', '/comment', 'Layout', '消息管理', 3, 'ChatDotSquare', 'CATALOG', '2025-01-02 09:49:06', NULL, '', '', 0, '', 0),
(97, '96', 'comment', '/message/comment/index', '评论管理', 1, 'ChatDotRound', 'MENU', '2024-12-22 10:49:22', '2024-12-22 10:49:37', '', '', 0, '', 0),
(98, '97', '', '', '评论列表', 1, '', 'BUTTON', '2025-01-02 09:58:33', NULL, '', '', 1, 'sys:comment:list', 0),
(99, '97', '', '', '删除评论', 2, '', 'BUTTON', '2025-01-02 09:58:50', NULL, '', '', 1, 'sys:comment:delete', 0),
(100, '96', 'message', '/message/message/index', '留言管理', 2, 'ChatLineSquare', 'MENU', '2025-01-02 10:07:04', NULL, '', '', 0, '', 0),
(101, '100', '', '', '留言列表', 1, '', 'BUTTON', '2025-01-02 10:12:14', NULL, '', '', 1, 'sys:message:list', 0),
(102, '100', '', '', '删除留言', 2, '', 'BUTTON', '2025-01-02 10:22:06', NULL, '', '', 1, 'sys:message:delete', 0),
(103, '71', '', '', '爬取文章', 6, '', 'BUTTON', '2025-01-02 16:34:53', NULL, '', '', 1, 'sys:article:reptile', 0),
(104, '67', '', '', '列表', 1, '', 'BUTTON', '2025-01-03 15:53:46', NULL, '', '', 1, 'monitor:online:list', 0),
(105, '67', '', '', '强退', 2, '', 'BUTTON', '2025-01-03 15:54:03', NULL, '', '', 1, 'monitor:online:forceLogout', 0),
(106, '96', 'feedback', '/message/feedback/index', '反馈管理', 3, 'Checked', 'MENU', '2025-01-12 11:23:23', NULL, '', '', 0, '', 0),
(107, '106', '', '', '列表', 1, '', 'BUTTON', '2025-01-12 12:30:48', '2025-01-12 12:31:51', '', '', 1, 'sys:feedback:list', 0),
(108, '106', '', '', '修改', 2, '', 'BUTTON', '2025-01-12 12:31:00', '2025-01-12 12:31:55', '', '', 1, 'sys:feedback:update', 0),
(109, '106', '', '', '删除', 3, '', 'BUTTON', '2025-01-12 12:31:14', '2025-01-12 12:31:19', '', '', 1, 'sys:feedback:delete', 0),
(110, '68', '/moments', '/article/moment/index', '说说管理', 4, 'ChatDotRound', 'MENU', '2025-02-06 10:22:22', NULL, '', '', 0, '', 0),
(111, '110', '', '', '新增', 1, '', 'BUTTON', '2025-02-06 10:32:06', NULL, '', '', 1, 'sys:moment:add', 0),
(112, '110', '', '', '修改', 2, '', 'BUTTON', '2025-02-06 10:32:20', NULL, '', '', 1, 'sys:moment:update', 0),
(113, '110', '', '', '删除', 3, '', 'BUTTON', '2025-02-06 10:32:37', NULL, '', '', 1, 'sys:moment:delete', 0),
(114, '72', '/album', '/site/album/index', '相册管理', 1, 'CreditCard', 'MENU', '2025-02-07 10:49:51', '2025-02-07 10:50:23', '', '', 0, '', 0),
(115, '114', '', '', '列表', 1, '', 'BUTTON', '2025-02-07 15:08:50', NULL, '', '', 1, 'sys:album:list', 0),
(116, '114', '', '', '新增', 2, '', 'BUTTON', '2025-02-07 15:09:03', NULL, '', '', 1, 'sys:album:add', 0),
(117, '114', '', '', '修改', 3, '', 'BUTTON', '2025-02-07 15:09:30', NULL, '', '', 1, 'sys:album:update', 0),
(118, '114', '', '', '删除', 4, '', 'BUTTON', '2025-02-07 15:09:53', NULL, '', '', 1, 'sys:album:delete', 0),
(119, '114', '', '', '新增照片', 5, '', 'BUTTON', '2025-02-07 15:10:39', NULL, '', '', 1, 'sys:photo:add', 0),
(120, '114', '', '', '修改照片', 6, '', 'BUTTON', '2025-02-07 15:10:55', NULL, '', '', 1, 'sys:photo:update', 0),
(121, '114', '', '', '删除照片', 7, '', 'BUTTON', '2025-02-07 15:11:18', NULL, '', '', 1, 'sys:photo:delete', 0),
(122, '114', '', '', '移动照片', 8, '', 'BUTTON', '2025-02-07 15:11:38', NULL, '', '', 1, 'sys:photo:move', 0),
(123, '72', '/notice', '/site/notice/index', '公告管理', 4, 'AlarmClock', 'MENU', '2024-12-25 16:13:03', '2024-12-25 16:13:33', '', '', 0, '', 0),
(124, '123', '', '', '列表', 1, '', 'BUTTON', '2025-02-11 16:32:27', NULL, '', '', 1, 'sys:notice:list', 0),
(125, '123', '', '', '新增', 2, '', 'BUTTON', '2025-02-11 16:32:37', NULL, '', '', 1, 'sys:notice:add', 0),
(126, '123', '', '', '修改', 3, '', 'BUTTON', '2025-02-11 16:32:49', NULL, '', '', 0, 'sys:notice:update', 0),
(127, '123', '', '', '删除', 4, '', 'BUTTON', '2025-02-11 16:33:01', NULL, '', '', 1, 'sys:notice:delete', 0),
(128, '1', '/file', '/system/file/index', '文件管理', 6, 'Folder', 'MENU', '2025-02-13 16:01:54', NULL, '', '', 0, '', 0),
(129, '128', '', '', '列表', 1, '', 'BUTTON', '2025-02-13 17:04:56', NULL, '', '', 1, 'sys:file:list', 0),
(130, '128', '', '', '删除', 2, '', 'BUTTON', '2025-02-13 17:05:09', NULL, '', '', 1, 'sys:file:delete', 0),
(131, '128', '', '', '保存oss配置', 2, '', 'BUTTON', '2025-02-13 17:05:09', NULL, '', '', 1, 'sys:oss:submit', 0),
(136, '1', '/config', '/system/config/index', '参数管理', 4, 'Film', 'MENU', '2025-03-19 15:56:07', NULL, '', '', 0, '', 0),
(137, '136', '', '', '列表', 1, '', 'BUTTON', '2025-03-19 16:55:57', NULL, '', '', 1, 'sys:config:list', 0),
(138, '136', '', '', '添加', 2, '', 'BUTTON', '2025-03-19 16:56:09', NULL, '', '', 1, 'sys:config:add', 0),
(139, '136', '', '', '修改', 3, '', 'BUTTON', '2025-03-19 16:56:20', NULL, '', '', 1, 'sys:config:update', 0),
(140, '136', '', '', '删除', 4, '', 'BUTTON', '2025-03-19 16:56:34', NULL, '', '', 1, 'sys:config:delete', 0);

INSERT INTO sys_role VALUES (1, 'admin', '超级管理员', '本地初始化管理员角色', '2025-01-01 00:00:00', '2025-01-01 00:00:00');
INSERT INTO sys_role VALUES (2, 'user', '普通用户', '门户注册用户默认角色', '2025-01-01 00:00:00', '2025-01-01 00:00:00');

INSERT INTO sys_role_menu VALUES
(1, 1, 1),(2, 1, 2),(3, 1, 3),(4, 1, 4),(5, 1, 7),(6, 1, 8),(7, 1, 9),(8, 1, 10),(9, 1, 11),(10, 1, 12),
(11, 1, 13),(12, 1, 14),(13, 1, 16),(14, 1, 17),(15, 1, 18),(16, 1, 19),(17, 1, 27),(18, 1, 28),(19, 1, 29),(20, 1, 30),
(21, 1, 31),(22, 1, 32),(23, 1, 33),(24, 1, 39),(25, 1, 40),(26, 1, 41),(27, 1, 43),(28, 1, 44),(29, 1, 48),(30, 1, 49),
(31, 1, 50),(32, 1, 51),(33, 1, 52),(34, 1, 53),(35, 1, 54),(36, 1, 55),(37, 1, 56),(38, 1, 58),(39, 1, 59),(40, 1, 60),
(41, 1, 61),(42, 1, 62),(43, 1, 63),(44, 1, 64),(45, 1, 65),(46, 1, 66),(47, 1, 67),(48, 1, 68),(49, 1, 69),(50, 1, 70),
(51, 1, 71),(52, 1, 72),(53, 1, 73),(54, 1, 74),(55, 1, 75),(56, 1, 76),(57, 1, 77),(58, 1, 78),(59, 1, 79),(60, 1, 80),
(61, 1, 81),(62, 1, 82),(63, 1, 83),(64, 1, 84),(65, 1, 85),(66, 1, 86),(67, 1, 87),(68, 1, 88),(69, 1, 89),(70, 1, 90),
(71, 1, 91),(72, 1, 92),(73, 1, 93),(74, 1, 94),(75, 1, 95),(76, 1, 96),(77, 1, 97),(78, 1, 98),(79, 1, 99),(80, 1, 100),
(81, 1, 101),(82, 1, 102),(83, 1, 103),(84, 1, 104),(85, 1, 105),(86, 1, 106),(87, 1, 107),(88, 1, 108),(89, 1, 109),(90, 1, 110),
(91, 1, 111),(92, 1, 112),(93, 1, 113),(94, 1, 114),(95, 1, 115),(96, 1, 116),(97, 1, 117),(98, 1, 118),(99, 1, 119),(100, 1, 120),
(101, 1, 121),(102, 1, 122),(103, 1, 123),(104, 1, 124),(105, 1, 125),(106, 1, 126),(107, 1, 127),(108, 1, 128),(109, 1, 129),(110, 1, 130),
(111, 1, 131),(112, 1, 136),(113, 1, 137),(114, 1, 138),(115, 1, 139),(116, 1, 140);

INSERT INTO sys_tag VALUES (1, 'Spring Boot', 1, '2026-03-18 00:00:00', '2025-01-01 00:00:00');
INSERT INTO sys_tag VALUES (2, 'Vue', 2, '2026-03-18 00:00:00', '2025-01-01 00:00:00');

INSERT INTO sys_user VALUES (
    1, 'admin', '$2a$10$GSHv.XwqBkizplz5j2pcmu73IRY2rgtxCYQwAvSXMvu9SryzydLpe',
    '2025-01-01 00:00:00', '2026-03-18 00:00:00', 1, NULL, NULL, NULL, NULL, NULL,
    '管理员', 'https://api.dicebear.com/7.x/identicon/svg?seed=admin', NULL, NULL, NULL, NULL, NULL
);

INSERT INTO sys_user_role VALUES (1, 1, 1);

INSERT INTO sys_web_config (
    id, logo, name, summary, record_num, web_url, author, author_info, author_avatar, github, gitee,
    qq_number, qq_group, email, wechat, show_list, login_type_list, open_comment, tourist_avatar, bulletin,
    about_me, create_time, update_time, weather_enabled, weather_city, weather_mode, weather_manual_type,
    weather_intensity, weather_refresh_minutes, weather_adcode, weather_lng, weather_lat, open_lantern
) VALUES (
    1, 'https://api.dicebear.com/7.x/shapes/svg?seed=FxMarkBrown', 'FxMarkBrown''s Blog',
    '个人知识库', '', 'https://blog.fxmarkbrown.top', 'FxMarkBrown', '个人知识库。',
    'https://api.dicebear.com/7.x/avataaars/svg?seed=Felix', NULL, NULL, NULL, NULL, NULL, NULL, '[]', '[]', true,
    'https://api.dicebear.com/7.x/avataaars/svg?seed=Guest',
    '欢迎来到 FxMarkBrown''s Blog。', '这里会持续记录技术实践、阅读笔记与个人项目。',
    '2026-03-18 00:00:00', '2025-01-01 00:00:00', true, '北京', 'auto', NULL, 'normal', 30, NULL, NULL, NULL, false
);

INSERT INTO sys_file_oss (
    id, domain, access_key, secret_key, bucket, base_path, platform, is_enable, storage_path,
    enable_access, path_patterns, region, create_time
) VALUES (
    1, '/static/', '', '', '', 'local-plus/', 'local', 1, './uploads/', 1, '/static/**', NULL, '2025-01-01 00:00:00'
);

INSERT INTO sys_config (
    id, config_name, config_key, config_value, config_type, create_time, update_time, remark
) VALUES
(1, '滑块验证码开关', 'slider_verify_switch', 'Y', 'Y', NULL, '2025-03-19 16:33:27', '开启：Y,关闭：N'),
(2, 'AI 额度开关', 'ai_quota_enabled', 'Y', 'Y', NULL, NULL, '站内 AI 额度体系开关，Y/N'),
(3, 'AI 起聊门槛', 'ai_quota_min_request_tokens', '800', 'Y', NULL, NULL, '用户发起一次 AI 对话前至少需要保留的 token 数'),
(4, 'AI 签到奖励', 'ai_quota_sign_reward_tokens', '3000', 'Y', NULL, NULL, '每累计签到 1 天折算的 token 奖励'),
(5, 'AI 发文奖励', 'ai_quota_article_reward_tokens', '12000', 'Y', NULL, NULL, '每发布 1 篇已发布文章折算的 token 奖励'),
(6, 'AI 点赞奖励', 'ai_quota_like_reward_tokens', '600', 'Y', NULL, NULL, '每点赞 1 篇他人已发布文章折算的 token 奖励'),
(7, 'AI 收藏奖励', 'ai_quota_favorite_reward_tokens', '1800', 'Y', NULL, NULL, '每收藏 1 篇他人已发布文章折算的 token 奖励'),
(8, 'AI 点赞每日总上限', 'ai_quota_like_daily_limit', '30', 'Y', NULL, NULL, '单个用户每天可触发的点赞次数上限，0 表示不限制'),
(9, 'AI 点赞单篇上限', 'ai_quota_like_daily_per_article_limit', '4', 'Y', NULL, NULL, '单个用户每天对同一篇文章可触发的点赞次数上限，0 表示不限制');

INSERT INTO sys_site_stats (
    id, blog_views_count, unique_visitor_count, create_time, update_time
) VALUES (
    1, 0, 0, CURRENT_TIMESTAMP, CURRENT_TIMESTAMP
);

-- 回填序列，确保后续自增不会与种子数据冲突
SELECT setval(pg_get_serial_sequence('sys_article', 'id'), (SELECT MAX(id) FROM sys_article));
SELECT setval(pg_get_serial_sequence('sys_article_tag', 'id'), (SELECT MAX(id) FROM sys_article_tag));
SELECT setval(pg_get_serial_sequence('sys_category', 'id'), (SELECT MAX(id) FROM sys_category));
SELECT setval(pg_get_serial_sequence('sys_dict', 'id'), (SELECT MAX(id) FROM sys_dict));
SELECT setval(pg_get_serial_sequence('sys_dict_data', 'id'), (SELECT MAX(id) FROM sys_dict_data));
SELECT setval(pg_get_serial_sequence('sys_menu', 'id'), (SELECT MAX(id) FROM sys_menu));
SELECT setval(pg_get_serial_sequence('sys_role', 'id'), (SELECT MAX(id) FROM sys_role));
SELECT setval(pg_get_serial_sequence('sys_role_menu', 'id'), (SELECT MAX(id) FROM sys_role_menu));
SELECT setval(pg_get_serial_sequence('sys_tag', 'id'), (SELECT MAX(id) FROM sys_tag));
SELECT setval(pg_get_serial_sequence('sys_user', 'id'), (SELECT MAX(id) FROM sys_user));
SELECT setval(pg_get_serial_sequence('sys_user_role', 'id'), (SELECT MAX(id) FROM sys_user_role));
SELECT setval(pg_get_serial_sequence('sys_web_config', 'id'), (SELECT MAX(id) FROM sys_web_config));
SELECT setval(pg_get_serial_sequence('sys_file_oss', 'id'), (SELECT MAX(id) FROM sys_file_oss));
SELECT setval(pg_get_serial_sequence('sys_config', 'id'), (SELECT MAX(id) FROM sys_config));
SELECT setval(pg_get_serial_sequence('sys_site_stats', 'id'), (SELECT MAX(id) FROM sys_site_stats));

COMMIT;
